Alexandra, Otago Region
Balclutha, Otago Region
BanksPeninsulaVolcanics, Canterbury Region
Canterbury, Canterbury Region
CastleHill, Canterbury Region
Cheviot, Canterbury Region
Collingwood, Tasman Region
Dunedin, Otago Region
Gisborne, Gisborne Region
GreaterWellington, Wellington Region
Hakataramea, Canterbury Region
Hanmer, Canterbury Region
HawkesBay, Hawke's Bay Region
Kaikoura, Canterbury Region
Karamea, West Coast Region
Mackenzie, Canterbury Region
Marlborough, Marlborough Region
Mosgiel, Otago Region
Murchison, Tasman Region
NE_Otago, Otago Region
Napier, Hawke's Bay Region
Nelson, Tasman Region
NorthCanterbury, Canterbury Region
OmaioBay, Bay of Plenty Region
PalmerstonNorth, Manawatū-Whanganui Region
Porirua, Wellington Region
QueenCharlotte, Marlborough Region
Ranfurly, Otago Region
SouthernHawkesBay, Manawatū-Whanganui Region
Southland, Southland Region
SpringsJunction, West Coast Region
TeAnau, Southland Region
TolagaBay, Gisborne Region
Waiapu, Gisborne Region
WaikatoHauraki, Waikato Region
Wairarapa, Wellington Region
Waitaki, Canterbury Region
Wakatipu, Otago Region
Wanaka, Otago Region
Wellington, Wellington Region
WestCoast, West Coast Region
Westport, West Coast Region
Whakatane, Bay of Plenty Region
Whangaparoa, Bay of Plenty Region
